<TICKER>,<PER>,<DATE>,<TIME>,<OPEN>,<HIGH>,<LOW>,<CLOSE>,<VOL>
RI.RTSI,D,20190103,00:00:00,1068.7800000,1093.2200000,1063.6300000,1086.8000000,334969354
RI.RTSI,D,20190104,00:00:00,1091.8100000,1118.0300000,1091.8100000,1118.0300000,294364853
RI.RTSI,D,20190108,00:00:00,1115.1100000,1127.7000000,1114.3800000,1122.9000000,401837374
RI.RTSI,D,20190109,00:00:00,1127.0900000,1137.1500000,1124.4200000,1135.5100000,544061590
RI.RTSI,D,20190110,00:00:00,1137.5300000,1142.3200000,1129.1500000,1142.3200000,513228140
RI.RTSI,D,20190111,00:00:00,1147.1700000,1153.3100000,1140.3900000,1148.7500000,543376831
RI.RTSI,D,20190114,00:00:00,1146.3700000,1147.4600000,1132.2800000,1147.1600000,349829177
RI.RTSI,D,20190115,00:00:00,1146.9700000,1155.0300000,1139.1600000,1148.0300000,502460599
RI.RTSI,D,20190116,00:00:00,1148.1500000,1155.0900000,1146.2000000,1152.9900000,494709941
RI.RTSI,D,20190117,00:00:00,1157.1400000,1157.8900000,1148.2500000,1157.0600000,558428235
RI.RTSI,D,20190118,00:00:00,1164.9500000,1176.4200000,1163.3800000,1176.4200000,570614264
RI.RTSI,D,20190121,00:00:00,1176.8000000,1178.4400000,1171.0900000,1171.0900000,406565926
RI.RTSI,D,20190122,00:00:00,1169.2800000,1169.7900000,1161.9100000,1169.7900000,507150601
RI.RTSI,D,20190123,00:00:00,1168.4300000,1186.6100000,1167.8600000,1186.5100000,596685002
RI.RTSI,D,20190124,00:00:00,1185.9300000,1191.5000000,1179.7400000,1188.1500000,749538217
RI.RTSI,D,20190125,00:00:00,1191.1700000,1193.2900000,1181.7900000,1192.0200000,514701434
RI.RTSI,D,20190128,00:00:00,1193.1500000,1196.7800000,1175.1200000,1178.9100000,505925116
RI.RTSI,D,20190129,00:00:00,1177.6200000,1192.7900000,1169.0600000,1191.3800000,547068741
RI.RTSI,D,20190130,00:00:00,1190.1200000,1200.0900000,1187.6600000,1198.9900000,568490931
RI.RTSI,D,20190131,00:00:00,1210.8900000,1224.5500000,1210.8900000,1214.4500000,752549475
RI.RTSI,D,20190201,00:00:00,1213.0200000,1218.4100000,1205.1100000,1211.2300000,534648987
RI.RTSI,D,20190204,00:00:00,1213.3600000,1219.0900000,1209.2000000,1211.1500000,407317771
RI.RTSI,D,20190205,00:00:00,1213.9000000,1226.5600000,1212.3300000,1223.4800000,484817322
RI.RTSI,D,20190206,00:00:00,1222.9400000,1225.0800000,1214.5600000,1215.8300000,440726320
RI.RTSI,D,20190207,00:00:00,1213.5100000,1213.5100000,1197.0600000,1200.1400000,576866530
RI.RTSI,D,20190208,00:00:00,1196.1400000,1201.4100000,1189.5700000,1199.6500000,449885002
RI.RTSI,D,20190211,00:00:00,1198.8700000,1209.8100000,1198.8100000,1201.3300000,445770034
RI.RTSI,D,20190212,00:00:00,1202.6800000,1218.8300000,1202.6800000,1215.4700000,540525412
RI.RTSI,D,20190213,00:00:00,1211.6200000,1215.4800000,1190.6000000,1190.7900000,729119318
RI.RTSI,D,20190214,00:00:00,1165.3600000,1174.1900000,1151.9500000,1156.3100000,1001223960
RI.RTSI,D,20190215,00:00:00,1166.6300000,1178.0000000,1166.6300000,1177.5000000,598119086
RI.RTSI,D,20190218,00:00:00,1182.8500000,1186.6600000,1167.5400000,1177.0400000,515816560
RI.RTSI,D,20190219,00:00:00,1174.8300000,1180.0100000,1164.8900000,1173.6400000,494921253
RI.RTSI,D,20190220,00:00:00,1181.0500000,1194.8500000,1179.6100000,1194.4000000,561916824
RI.RTSI,D,20190221,00:00:00,1194.9700000,1199.7100000,1184.5000000,1188.6000000,519959145
RI.RTSI,D,20190222,00:00:00,1187.6500000,1198.4000000,1186.1400000,1198.4000000,386204158
RI.RTSI,D,20190225,00:00:00,1200.5900000,1210.8800000,1195.1200000,1201.5700000,546392047
RI.RTSI,D,20190226,00:00:00,1194.5700000,1195.7800000,1186.2800000,1193.0700000,472029550
RI.RTSI,D,20190227,00:00:00,1196.5700000,1199.7700000,1183.3800000,1191.0100000,490646898
RI.RTSI,D,20190228,00:00:00,1192.0900000,1192.3400000,1181.1400000,1188.2800000,601489292
RI.RTSI,D,20190301,00:00:00,1189.8400000,1194.4700000,1184.4600000,1187.3500000,429398711
RI.RTSI,D,20190304,00:00:00,1184.8900000,1190.2800000,1182.7200000,1185.8300000,371634622
RI.RTSI,D,20190305,00:00:00,1181.4700000,1185.6500000,1177.3700000,1180.1500000,448055570
RI.RTSI,D,20190306,00:00:00,1183.5500000,1193.9100000,1183.5500000,1191.5100000,509127253
RI.RTSI,D,20190307,00:00:00,1189.8100000,1190.9400000,1177.5300000,1179.5800000,466379598
RI.RTSI,D,20190311,00:00:00,1174.8300000,1179.6200000,1173.0500000,1176.7100000,493850679
RI.RTSI,D,20190312,00:00:00,1179.4500000,1188.3700000,1178.7800000,1183.3400000,437130943
RI.RTSI,D,20190313,00:00:00,1180.9700000,1189.1400000,1177.8400000,1189.1400000,668183580
RI.RTSI,D,20190314,00:00:00,1189.5800000,1193.2100000,1179.6700000,1181.9600000,510294954
RI.RTSI,D,20190315,00:00:00,1183.4600000,1196.7500000,1183.4600000,1196.7500000,399892603
RI.RTSI,D,20190318,00:00:00,1204.0500000,1218.3500000,1201.7700000,1213.3500000,503344352
RI.RTSI,D,20190319,00:00:00,1218.1700000,1223.3300000,1214.4000000,1219.7800000,488248815
RI.RTSI,D,20190320,00:00:00,1220.0500000,1227.3300000,1216.7100000,1226.2600000,550949319
RI.RTSI,D,20190321,00:00:00,1235.7900000,1243.7000000,1234.0200000,1237.6800000,766722534
RI.RTSI,D,20190322,00:00:00,1237.0000000,1240.1400000,1209.1400000,1213.4000000,485385082
RI.RTSI,D,20190325,00:00:00,1212.0700000,1229.9300000,1205.1900000,1228.3400000,705407534
RI.RTSI,D,20190326,00:00:00,1228.3200000,1236.1900000,1223.8000000,1229.9600000,616531514
RI.RTSI,D,20190327,00:00:00,1228.4500000,1229.4300000,1207.2300000,1207.2300000,600291644
RI.RTSI,D,20190328,00:00:00,1209.1600000,1212.6400000,1203.3800000,1207.3100000,472550409
RI.RTSI,D,20190329,00:00:00,1210.1100000,1220.2200000,1194.9200000,1198.1100000,668368232
RI.RTSI,D,20190401,00:00:00,1200.8100000,1217.6800000,1200.0400000,1214.2900000,536441171
RI.RTSI,D,20190402,00:00:00,1220.3100000,1222.3400000,1211.0200000,1216.2000000,508542932
RI.RTSI,D,20190403,00:00:00,1222.4300000,1232.6400000,1221.0400000,1224.3500000,724120970
RI.RTSI,D,20190404,00:00:00,1222.0700000,1224.0000000,1214.7000000,1219.9400000,522941125
RI.RTSI,D,20190405,00:00:00,1219.6000000,1229.3100000,1219.6000000,1225.8400000,557761282
RI.RTSI,D,20190408,00:00:00,1225.7400000,1240.1600000,1225.7400000,1240.1600000,591362487
RI.RTSI,D,20190409,00:00:00,1244.3200000,1252.8800000,1242.9700000,1248.3800000,858414127
RI.RTSI,D,20190410,00:00:00,1248.1600000,1263.6100000,1245.1000000,1262.4800000,998588461
RI.RTSI,D,20190411,00:00:00,1262.7800000,1266.0800000,1245.1700000,1245.1700000,819103654
RI.RTSI,D,20190412,00:00:00,1245.8400000,1260.4900000,1243.6000000,1253.4400000,683493427
RI.RTSI,D,20190415,00:00:00,1255.8300000,1260.4600000,1242.7700000,1246.9900000,462212880
RI.RTSI,D,20190416,00:00:00,1248.5600000,1258.5300000,1244.7300000,1255.4500000,725697897
RI.RTSI,D,20190417,00:00:00,1259.7500000,1269.8600000,1259.7500000,1265.5100000,614314543
RI.RTSI,D,20190418,00:00:00,1266.1600000,1266.4800000,1254.2800000,1262.2800000,462296942
RI.RTSI,D,20190419,00:00:00,1263.0500000,1265.6000000,1259.2800000,1260.8200000,134100912
RI.RTSI,D,20190422,00:00:00,1266.2200000,1276.9800000,1266.2200000,1275.5900000,328563409
RI.RTSI,D,20190423,00:00:00,1277.5300000,1284.9100000,1271.5800000,1277.7100000,590064655
RI.RTSI,D,20190424,00:00:00,1279.0900000,1279.0900000,1257.9400000,1263.9700000,537871658
RI.RTSI,D,20190425,00:00:00,1261.8200000,1263.2000000,1244.8000000,1245.9800000,749450957
RI.RTSI,D,20190426,00:00:00,1247.1800000,1248.2900000,1239.9700000,1247.0100000,672918394
RI.RTSI,D,20190429,00:00:00,1248.3000000,1255.5500000,1247.2100000,1254.9600000,459783567
RI.RTSI,D,20190430,00:00:00,1255.6300000,1255.6300000,1244.8600000,1248.3900000,652260276
RI.RTSI,D,20190502,00:00:00,1247.0900000,1249.4100000,1236.9400000,1238.0500000,402861475
RI.RTSI,D,20190503,00:00:00,1242.3800000,1250.7900000,1239.3800000,1248.3900000,455546251
RI.RTSI,D,20190506,00:00:00,1243.4400000,1245.5900000,1228.1500000,1245.5900000,398838195
RI.RTSI,D,20190507,00:00:00,1245.2300000,1247.9500000,1234.9300000,1237.8600000,552519764
RI.RTSI,D,20190508,00:00:00,1235.2000000,1239.8600000,1229.0100000,1233.0500000,485397367
RI.RTSI,D,20190510,00:00:00,1228.8200000,1229.6900000,1210.6700000,1213.7900000,498537742
RI.RTSI,D,20190513,00:00:00,1216.0000000,1221.5300000,1206.9600000,1207.5700000,524430137
RI.RTSI,D,20190514,00:00:00,1210.2700000,1243.9600000,1208.7000000,1241.5100000,1264015093
RI.RTSI,D,20190515,00:00:00,1247.2500000,1251.4100000,1239.0200000,1247.0200000,1023608816
RI.RTSI,D,20190516,00:00:00,1243.6900000,1266.6300000,1243.6300000,1261.3300000,956413240
RI.RTSI,D,20190517,00:00:00,1256.1000000,1259.3100000,1252.0200000,1254.6800000,629392187
RI.RTSI,D,20190520,00:00:00,1255.8300000,1263.7200000,1252.2900000,1256.2200000,529961706
RI.RTSI,D,20190521,00:00:00,1259.1400000,1281.1200000,1256.1000000,1279.1200000,875290388
RI.RTSI,D,20190522,00:00:00,1281.3500000,1296.8500000,1276.2000000,1292.7900000,703801885
RI.RTSI,D,20190523,00:00:00,1285.8900000,1287.1200000,1269.5000000,1275.4200000,769154846
RI.RTSI,D,20190524,00:00:00,1274.0800000,1290.8000000,1274.0800000,1279.1100000,742060493
RI.RTSI,D,20190527,00:00:00,1281.7900000,1288.1200000,1279.1200000,1288.1200000,365436642
RI.RTSI,D,20190528,00:00:00,1288.3900000,1289.6100000,1264.8600000,1271.1500000,1529845599
RI.RTSI,D,20190529,00:00:00,1267.2600000,1277.7700000,1262.1300000,1275.9200000,753065783
RI.RTSI,D,20190530,00:00:00,1285.1000000,1291.1100000,1280.6900000,1286.5200000,725051565
RI.RTSI,D,20190531,00:00:00,1277.9000000,1288.3100000,1268.2900000,1287.0900000,685108065
RI.RTSI,D,20190603,00:00:00,1280.9200000,1323.0600000,1273.6200000,1315.2200000,1498401611
RI.RTSI,D,20190604,00:00:00,1314.4000000,1321.3900000,1299.0600000,1307.5500000,1080328297
RI.RTSI,D,20190605,00:00:00,1309.9600000,1314.2900000,1300.1100000,1303.3500000,691610157
RI.RTSI,D,20190606,00:00:00,1302.5700000,1321.2300000,1301.0500000,1319.8500000,779142113
RI.RTSI,D,20190607,00:00:00,1326.7400000,1330.4100000,1320.4800000,1325.9500000,833682186
RI.RTSI,D,20190610,00:00:00,1328.9800000,1337.6300000,1326.9400000,1335.7100000,719915924
RI.RTSI,D,20190611,00:00:00,1322.7600000,1347.8300000,1322.4200000,1343.3300000,971772793
RI.RTSI,D,20190613,00:00:00,1339.9200000,1346.9800000,1332.7200000,1346.9800000,889806448
RI.RTSI,D,20190614,00:00:00,1344.5400000,1356.0600000,1341.0500000,1341.0500000,707877367
RI.RTSI,D,20190617,00:00:00,1339.7800000,1351.0400000,1336.3200000,1340.9000000,682123904
RI.RTSI,D,20190618,00:00:00,1337.8600000,1359.6300000,1334.5600000,1359.2300000,721458951
RI.RTSI,D,20190619,00:00:00,1365.0500000,1366.4900000,1353.8700000,1361.1400000,623918513
RI.RTSI,D,20190620,00:00:00,1362.5200000,1391.7200000,1362.5200000,1391.2100000,1132627813
RI.RTSI,D,20190621,00:00:00,1390.8600000,1390.8600000,1365.4800000,1375.0200000,707843624
RI.RTSI,D,20190624,00:00:00,1381.9700000,1389.5200000,1380.9200000,1387.0600000,487577700
RI.RTSI,D,20190625,00:00:00,1389.4100000,1392.9000000,1373.1500000,1380.8700000,551333370
RI.RTSI,D,20190626,00:00:00,1380.5500000,1388.9300000,1376.8900000,1386.6300000,615524233
RI.RTSI,D,20190627,00:00:00,1386.3800000,1396.1900000,1380.8800000,1388.0700000,600824742
RI.RTSI,D,20190628,00:00:00,1388.1300000,1393.6300000,1380.0600000,1380.5200000,661808290
RI.RTSI,D,20190701,00:00:00,1387.8700000,1409.7600000,1387.2300000,1401.6400000,878694126
RI.RTSI,D,20190702,00:00:00,1402.2600000,1405.4000000,1391.0800000,1398.2600000,557850247
RI.RTSI,D,20190703,00:00:00,1397.3700000,1402.4500000,1389.4700000,1401.5200000,715328071
RI.RTSI,D,20190704,00:00:00,1402.9100000,1411.5300000,1399.2200000,1411.5300000,740028213
RI.RTSI,D,20190705,00:00:00,1411.9500000,1412.9700000,1397.2900000,1398.7500000,692040578
RI.RTSI,D,20190708,00:00:00,1389.9800000,1399.5500000,1384.0500000,1399.5500000,638876176
RI.RTSI,D,20190709,00:00:00,1395.3100000,1399.1600000,1390.7000000,1394.8600000,555530358
RI.RTSI,D,20190710,00:00:00,1392.0000000,1409.4300000,1386.1500000,1407.6400000,734638250
RI.RTSI,D,20190711,00:00:00,1410.2400000,1413.8200000,1391.5500000,1398.8800000,708157981
RI.RTSI,D,20190712,00:00:00,1397.9700000,1398.5500000,1379.5000000,1387.8700000,609448737
RI.RTSI,D,20190715,00:00:00,1393.1500000,1396.6700000,1385.3000000,1386.5200000,623494004
RI.RTSI,D,20190716,00:00:00,1384.5300000,1385.1800000,1372.7600000,1382.0900000,660055677
RI.RTSI,D,20190717,00:00:00,1357.0900000,1367.0400000,1354.1100000,1361.5800000,649288688
RI.RTSI,D,20190718,00:00:00,1354.3000000,1359.4300000,1348.9500000,1349.7600000,483807065
RI.RTSI,D,20190719,00:00:00,1359.4400000,1365.8800000,1350.3300000,1350.6900000,494765691
RI.RTSI,D,20190722,00:00:00,1349.1200000,1353.4100000,1341.1700000,1341.1700000,528142040
RI.RTSI,D,20190723,00:00:00,1341.5400000,1351.0800000,1338.9400000,1345.4800000,539754507
RI.RTSI,D,20190724,00:00:00,1350.0100000,1351.3100000,1336.9400000,1339.6200000,537615474
RI.RTSI,D,20190725,00:00:00,1333.5700000,1362.3000000,1326.4800000,1346.9100000,1093402003
RI.RTSI,D,20190726,00:00:00,1343.8900000,1361.9400000,1342.5300000,1348.3000000,1163520340
RI.RTSI,D,20190729,00:00:00,1350.1100000,1355.5800000,1346.2600000,1353.6100000,541607948
RI.RTSI,D,20190730,00:00:00,1357.6800000,1358.0900000,1349.0000000,1352.8900000,614546211
RI.RTSI,D,20190731,00:00:00,1358.0700000,1364.8400000,1352.6800000,1360.0400000,727819063
RI.RTSI,D,20190801,00:00:00,1350.4600000,1352.7200000,1339.5400000,1346.4000000,636984258
RI.RTSI,D,20190802,00:00:00,1325.4800000,1325.4800000,1290.1200000,1293.1900000,989041414
RI.RTSI,D,20190805,00:00:00,1287.1100000,1295.0100000,1279.2900000,1282.2900000,768157289
RI.RTSI,D,20190806,00:00:00,1276.2200000,1300.7700000,1276.1000000,1294.5000000,729122162
RI.RTSI,D,20190807,00:00:00,1294.9400000,1306.5300000,1280.4200000,1284.9100000,747780884
RI.RTSI,D,20190808,00:00:00,1298.7700000,1308.8000000,1298.7700000,1303.8000000,608974644
RI.RTSI,D,20190809,00:00:00,1306.0500000,1307.7300000,1289.0800000,1289.4700000,499283919
RI.RTSI,D,20190812,00:00:00,1296.6900000,1302.0400000,1287.4700000,1294.1200000,434545430
RI.RTSI,D,20190813,00:00:00,1294.9500000,1306.4600000,1277.6800000,1297.8500000,698087185
RI.RTSI,D,20190814,00:00:00,1302.8800000,1304.4700000,1255.7900000,1259.6800000,710725633
RI.RTSI,D,20190815,00:00:00,1260.7600000,1268.6100000,1241.1200000,1250.1300000,720143112
RI.RTSI,D,20190816,00:00:00,1257.3000000,1261.0900000,1239.8100000,1239.8100000,523404635
RI.RTSI,D,20190819,00:00:00,1245.3900000,1253.3400000,1233.1900000,1247.5300000,620752231
RI.RTSI,D,20190820,00:00:00,1248.3900000,1265.2200000,1245.8500000,1264.5900000,628296792
RI.RTSI,D,20190821,00:00:00,1267.5400000,1281.8000000,1262.7400000,1280.1900000,542367033
RI.RTSI,D,20190822,00:00:00,1280.9800000,1288.2800000,1276.1700000,1282.6300000,577293610
RI.RTSI,D,20190823,00:00:00,1286.4500000,1288.4900000,1267.6200000,1268.4500000,595346131
RI.RTSI,D,20190826,00:00:00,1265.4000000,1276.2400000,1260.4500000,1268.2500000,380689141
RI.RTSI,D,20190827,00:00:00,1269.3500000,1269.9800000,1248.3200000,1258.6000000,1028576374
RI.RTSI,D,20190828,00:00:00,1260.4500000,1267.4100000,1250.8700000,1266.7100000,654565429
RI.RTSI,D,20190829,00:00:00,1264.8000000,1284.9400000,1261.9700000,1284.9400000,706929245
RI.RTSI,D,20190830,00:00:00,1285.5400000,1297.6800000,1284.8500000,1293.3200000,820237104
RI.RTSI,D,20190902,00:00:00,1293.9000000,1310.6300000,1292.8600000,1309.2200000,674062004
RI.RTSI,D,20190903,00:00:00,1306.7600000,1307.2800000,1297.7400000,1303.4900000,1031094203
RI.RTSI,D,20190904,00:00:00,1315.1000000,1332.7300000,1315.1000000,1330.7700000,1024354377
RI.RTSI,D,20190905,00:00:00,1332.3600000,1344.7500000,1332.3600000,1337.9200000,937324160
RI.RTSI,D,20190906,00:00:00,1334.5700000,1342.5000000,1328.0200000,1340.5200000,625759954
RI.RTSI,D,20190909,00:00:00,1343.1600000,1349.9000000,1336.7300000,1340.1400000,459598211
RI.RTSI,D,20190910,00:00:00,1338.6500000,1343.9500000,1330.3800000,1343.9500000,708029416
RI.RTSI,D,20190911,00:00:00,1342.5500000,1358.6700000,1339.1100000,1354.6800000,733557383
RI.RTSI,D,20190912,00:00:00,1354.5600000,1364.7600000,1349.5900000,1361.0500000,872504001
RI.RTSI,D,20190913,00:00:00,1360.9700000,1370.7700000,1359.4600000,1368.9300000,597165913
RI.RTSI,D,20190916,00:00:00,1376.2100000,1396.2500000,1375.5700000,1396.0900000,1017109548
RI.RTSI,D,20190917,00:00:00,1393.3000000,1399.3600000,1374.4000000,1381.5000000,966156795
RI.RTSI,D,20190918,00:00:00,1379.6700000,1382.4700000,1375.2000000,1382.1600000,586408771
RI.RTSI,D,20190919,00:00:00,1382.3000000,1386.9900000,1373.1500000,1378.0600000,771875888
RI.RTSI,D,20190920,00:00:00,1376.3400000,1379.4100000,1368.4300000,1377.3800000,480986299
RI.RTSI,D,20190923,00:00:00,1374.3600000,1375.3200000,1363.6900000,1369.2600000,419205340
RI.RTSI,D,20190924,00:00:00,1374.4100000,1379.4200000,1355.8800000,1358.8000000,626639896
RI.RTSI,D,20190925,00:00:00,1353.3900000,1354.0100000,1340.1900000,1354.0100000,608198519
RI.RTSI,D,20190926,00:00:00,1353.4700000,1363.2000000,1350.0500000,1359.5900000,578839036
RI.RTSI,D,20190927,00:00:00,1360.5800000,1360.5800000,1347.6900000,1347.7200000,364491456
RI.RTSI,D,20190930,00:00:00,1343.3300000,1348.0200000,1331.9500000,1333.9100000,536678202
RI.RTSI,D,20191001,00:00:00,1335.6400000,1346.7000000,1328.8400000,1329.3700000,586838010
RI.RTSI,D,20191002,00:00:00,1330.6900000,1331.5000000,1311.0300000,1313.7500000,667886226
RI.RTSI,D,20191003,00:00:00,1313.9700000,1317.6600000,1300.4500000,1307.0100000,664222319
RI.RTSI,D,20191004,00:00:00,1309.7300000,1319.8800000,1309.1500000,1311.6500000,521000111
RI.RTSI,D,20191007,00:00:00,1313.9000000,1322.2600000,1305.0500000,1320.2500000,514783758
RI.RTSI,D,20191008,00:00:00,1319.1400000,1324.7600000,1303.6400000,1306.3900000,504845326
RI.RTSI,D,20191009,00:00:00,1306.8100000,1321.8300000,1306.2600000,1317.4800000,551216265
RI.RTSI,D,20191010,00:00:00,1315.3400000,1330.9200000,1310.3900000,1330.9200000,491464443
RI.RTSI,D,20191011,00:00:00,1330.9700000,1341.7000000,1328.4100000,1329.6300000,759016969
RI.RTSI,D,20191014,00:00:00,1329.5700000,1332.2800000,1319.3100000,1321.1300000,567382772
RI.RTSI,D,20191015,00:00:00,1321.2400000,1331.7800000,1318.3500000,1331.0300000,658461239
RI.RTSI,D,20191016,00:00:00,1330.5700000,1348.1800000,1329.7300000,1347.4300000,885799807
RI.RTSI,D,20191017,00:00:00,1348.4700000,1356.2900000,1346.7600000,1353.4900000,702906086
RI.RTSI,D,20191018,00:00:00,1350.1900000,1358.6300000,1349.1500000,1355.2700000,583793703
RI.RTSI,D,20191021,00:00:00,1363.4300000,1369.0600000,1358.1700000,1365.1400000,677398733
RI.RTSI,D,20191022,00:00:00,1367.6700000,1387.6800000,1366.7300000,1387.6800000,869421930
RI.RTSI,D,20191023,00:00:00,1382.8300000,1392.4700000,1377.9600000,1392.4700000,956794036
RI.RTSI,D,20191024,00:00:00,1390.6800000,1413.6300000,1390.5400000,1413.6300000,1177364686
RI.RTSI,D,20191025,00:00:00,1414.1500000,1423.1400000,1402.5600000,1421.2000000,1200362976
RI.RTSI,D,20191028,00:00:00,1420.3100000,1432.2600000,1408.9700000,1411.9200000,1135644045
RI.RTSI,D,20191029,00:00:00,1412.4500000,1424.0500000,1405.0000000,1424.0500000,1094957262
RI.RTSI,D,20191030,00:00:00,1419.8100000,1437.0100000,1416.4300000,1431.9000000,1139993105
RI.RTSI,D,20191031,00:00:00,1439.2100000,1451.2600000,1417.4900000,1422.9200000,1170173993
RI.RTSI,D,20191101,00:00:00,1422.2600000,1455.4400000,1419.9100000,1455.4400000,880970090
RI.RTSI,D,20191105,00:00:00,1463.3100000,1473.7400000,1454.9800000,1460.5000000,915297934
RI.RTSI,D,20191106,00:00:00,1463.4600000,1471.3800000,1453.0300000,1471.3800000,872579296
RI.RTSI,D,20191107,00:00:00,1468.6000000,1487.8200000,1463.2900000,1487.0300000,1038478528
RI.RTSI,D,20191108,00:00:00,1486.5600000,1486.5600000,1457.3900000,1468.1700000,801619211
RI.RTSI,D,20191111,00:00:00,1464.3200000,1466.1200000,1455.7900000,1460.8400000,818403672
RI.RTSI,D,20191112,00:00:00,1461.3700000,1471.1900000,1447.8300000,1449.3500000,977268889
RI.RTSI,D,20191113,00:00:00,1443.1900000,1443.1900000,1430.9100000,1437.8500000,887507044
RI.RTSI,D,20191114,00:00:00,1438.6700000,1448.5400000,1425.4400000,1436.9800000,1149759235
RI.RTSI,D,20191115,00:00:00,1440.2900000,1450.8400000,1435.5400000,1449.4200000,886922856
RI.RTSI,D,20191118,00:00:00,1456.1700000,1461.2000000,1436.7400000,1443.0200000,901625468
RI.RTSI,D,20191119,00:00:00,1445.1600000,1456.0100000,1441.9900000,1451.6400000,824360598
RI.RTSI,D,20191120,00:00:00,1449.0800000,1452.4000000,1433.0000000,1448.4000000,1264687731
RI.RTSI,D,20191121,00:00:00,1449.8000000,1456.6200000,1445.0100000,1454.7400000,1334758518
RI.RTSI,D,20191122,00:00:00,1453.4200000,1468.4000000,1451.5000000,1455.4200000,876029365
RI.RTSI,D,20191125,00:00:00,1456.7200000,1462.5100000,1450.9200000,1454.6300000,612858238
RI.RTSI,D,20191126,00:00:00,1455.8400000,1458.8800000,1437.8900000,1440.9500000,1362370192
RI.RTSI,D,20191127,00:00:00,1444.4100000,1450.3400000,1437.9200000,1441.0800000,652340812
RI.RTSI,D,20191128,00:00:00,1441.2500000,1442.4700000,1431.3500000,1439.1800000,513479969
RI.RTSI,D,20191129,00:00:00,1438.4700000,1441.0200000,1428.0300000,1438.4500000,686291677
RI.RTSI,D,20191202,00:00:00,1438.8100000,1448.9800000,1432.2400000,1432.8100000,875922304
RI.RTSI,D,20191203,00:00:00,1432.1300000,1435.8100000,1414.0600000,1414.0600000,871780139
RI.RTSI,D,20191204,00:00:00,1417.9100000,1433.5600000,1410.6100000,1430.0300000,726529082
RI.RTSI,D,20191205,00:00:00,1430.4400000,1434.1600000,1421.3500000,1430.3900000,702590826
RI.RTSI,D,20191206,00:00:00,1433.8900000,1448.6500000,1431.4700000,1448.3400000,684032728
RI.RTSI,D,20191209,00:00:00,1448.8200000,1458.9000000,1445.5500000,1456.7900000,652676535
RI.RTSI,D,20191210,00:00:00,1458.0800000,1460.9200000,1446.1400000,1454.2300000,691564743
RI.RTSI,D,20191211,00:00:00,1454.7500000,1466.7000000,1453.5800000,1463.1500000,768011384
RI.RTSI,D,20191212,00:00:00,1476.9000000,1502.8100000,1476.3300000,1496.9600000,1214998829
RI.RTSI,D,20191213,00:00:00,1499.3600000,1515.1400000,1496.9400000,1501.4200000,924882104
RI.RTSI,D,20191216,00:00:00,1504.0400000,1520.7000000,1502.7900000,1517.1600000,771249571
RI.RTSI,D,20191217,00:00:00,1519.7900000,1521.7700000,1512.8000000,1520.6000000,839835358
RI.RTSI,D,20191218,00:00:00,1520.1800000,1524.6200000,1511.6600000,1522.5100000,964293290
RI.RTSI,D,20191219,00:00:00,1514.4000000,1526.4800000,1511.0600000,1519.4900000,1075359401
RI.RTSI,D,20191220,00:00:00,1522.1000000,1530.8600000,1519.0200000,1523.7700000,1021765029
RI.RTSI,D,20191223,00:00:00,1522.8500000,1535.0000000,1522.0400000,1535.0000000,733868910
RI.RTSI,D,20191224,00:00:00,1535.3500000,1541.8700000,1534.9900000,1540.4600000,532641371
RI.RTSI,D,20191225,00:00:00,1541.5900000,1549.8800000,1541.3100000,1544.1200000,297767930
RI.RTSI,D,20191226,00:00:00,1541.0500000,1546.5000000,1533.7600000,1534.8500000,369643573
RI.RTSI,D,20191227,00:00:00,1533.8100000,1552.7300000,1533.8100000,1549.4000000,596625694
RI.RTSI,D,20191230,00:00:00,1549.5900000,1558.2400000,1545.3000000,1548.9200000,600152934
RI.RTSI,D,20200103,00:00:00,1554.7200000,1567.8600000,1553.8000000,1564.1800000,718378860
RI.RTSI,D,20200106,00:00:00,1560.3600000,1568.3500000,1549.5200000,1568.3500000,632735957
RI.RTSI,D,20200108,00:00:00,1567.7200000,1590.2100000,1563.1800000,1589.0800000,859750392
RI.RTSI,D,20200109,00:00:00,1597.2400000,1607.2800000,1590.7700000,1601.7400000,957117917
RI.RTSI,D,20200110,00:00:00,1602.4000000,1614.6900000,1594.0100000,1614.6900000,738153089
RI.RTSI,D,20200113,00:00:00,1612.3800000,1620.1700000,1608.5300000,1619.7300000,878898642
RI.RTSI,D,20200114,00:00:00,1623.4400000,1625.6100000,1602.0300000,1604.9600000,1235015174
RI.RTSI,D,20200115,00:00:00,1602.3600000,1615.6400000,1588.7300000,1602.2900000,1236024504
RI.RTSI,D,20200116,00:00:00,1610.9200000,1618.1000000,1608.6400000,1612.7200000,1129836846
RI.RTSI,D,20200117,00:00:00,1615.1500000,1641.8200000,1614.9000000,1637.7500000,1278922474
RI.RTSI,D,20200120,00:00:00,1641.2500000,1651.8200000,1641.2500000,1646.6000000,1012294333
RI.RTSI,D,20200121,00:00:00,1642.1200000,1642.5000000,1622.5800000,1634.3200000,1051866197
RI.RTSI,D,20200122,00:00:00,1635.6400000,1643.1900000,1612.8700000,1612.8700000,1282181406
RI.RTSI,D,20200123,00:00:00,1608.5800000,1614.9800000,1593.8100000,1596.1100000,1305848211
RI.RTSI,D,20200124,00:00:00,1603.9300000,1614.6800000,1597.1600000,1599.8200000,976036211
RI.RTSI,D,20200127,00:00:00,1584.9700000,1584.9700000,1541.9000000,1541.9000000,1414063423
RI.RTSI,D,20200128,00:00:00,1549.8300000,1572.7300000,1531.6000000,1572.2300000,1202523330
RI.RTSI,D,20200129,00:00:00,1580.2500000,1584.2600000,1563.8900000,1570.6500000,1052203915
RI.RTSI,D,20200130,00:00:00,1563.6200000,1565.7800000,1544.5500000,1544.5500000,1051418471
RI.RTSI,D,20200131,00:00:00,1559.9800000,1568.8200000,1517.0700000,1517.0700000,1282872858
RI.RTSI,D,20200203,00:00:00,1509.2000000,1530.8600000,1507.3000000,1521.1600000,1312645665
RI.RTSI,D,20200204,00:00:00,1523.9100000,1550.2200000,1523.8400000,1547.1900000,1328821693
RI.RTSI,D,20200205,00:00:00,1550.1800000,1579.6000000,1538.2300000,1560.4800000,1424271355
RI.RTSI,D,20200206,00:00:00,1569.3300000,1579.0900000,1533.8300000,1539.4200000,1077392750
RI.RTSI,D,20200207,00:00:00,1542.1100000,1547.9700000,1506.2500000,1518.2300000,1133930456
RI.RTSI,D,20200210,00:00:00,1517.6800000,1530.0400000,1495.2000000,1503.9500000,1029706450
RI.RTSI,D,20200211,00:00:00,1509.1600000,1548.2700000,1509.1600000,1539.5600000,1444519941
RI.RTSI,D,20200212,00:00:00,1542.8100000,1557.9300000,1541.1400000,1557.4400000,1328068387
RI.RTSI,D,20200213,00:00:00,1553.3200000,1554.2000000,1530.7900000,1543.5000000,1001347433
RI.RTSI,D,20200214,00:00:00,1541.2800000,1550.1200000,1528.2200000,1534.8900000,808633847
RI.RTSI,D,20200217,00:00:00,1535.1600000,1546.8700000,1535.1600000,1543.2500000,569383453
RI.RTSI,D,20200218,00:00:00,1540.6000000,1540.9500000,1510.8200000,1515.5400000,897583972
RI.RTSI,D,20200219,00:00:00,1525.0100000,1544.6200000,1525.0100000,1542.0800000,870822792
RI.RTSI,D,20200220,00:00:00,1546.3500000,1552.0400000,1535.8100000,1535.8100000,878873958
RI.RTSI,D,20200221,00:00:00,1525.8800000,1531.6200000,1515.4500000,1524.7100000,744740720
RI.RTSI,D,20200225,00:00:00,1504.0600000,1506.8500000,1445.7600000,1446.1100000,1328609441
RI.RTSI,D,20200226,00:00:00,1442.8700000,1464.3400000,1419.2600000,1461.2200000,1646184660
RI.RTSI,D,20200227,00:00:00,1438.2800000,1444.0500000,1381.0200000,1386.2000000,1551719981
RI.RTSI,D,20200228,00:00:00,1359.9300000,1362.4300000,1279.7400000,1299.6900000,2543133618
RI.RTSI,D,20200302,00:00:00,1332.7400000,1368.6300000,1275.1700000,1303.4700000,2033861906
RI.RTSI,D,20200303,00:00:00,1336.1000000,1360.2800000,1320.5100000,1358.0300000,1631414153
RI.RTSI,D,20200304,00:00:00,1336.3000000,1364.5500000,1326.9000000,1348.1900000,1248639026
RI.RTSI,D,20200305,00:00:00,1356.0000000,1363.7300000,1319.1500000,1323.8200000,1159547931
RI.RTSI,D,20200306,00:00:00,1290.8900000,1300.6100000,1238.5300000,1257.9600000,1973275122
RI.RTSI,D,20200310,00:00:00,1149.8100000,1182.0800000,1055.3100000,1094.1800000,3457193640
RI.RTSI,D,20200311,00:00:00,1117.8500000,1130.6200000,1076.5400000,1086.1800000,1868927853
RI.RTSI,D,20200312,00:00:00,1042.2000000,1042.2000000,953.6400000,966.4000000,2321490412
RI.RTSI,D,20200313,00:00:00,958.2900000,1055.4900000,957.1900000,991.6900000,2416191637
RI.RTSI,D,20200316,00:00:00,996.5300000,998.3300000,910.6600000,966.9300000,1851196152
RI.RTSI,D,20200317,00:00:00,955.1200000,985.2400000,909.9200000,934.6600000,1778934504
RI.RTSI,D,20200318,00:00:00,915.7100000,915.7400000,827.5200000,832.2600000,1608217276
RI.RTSI,D,20200319,00:00:00,831.4600000,908.7500000,808.7900000,902.6300000,2019237558
RI.RTSI,D,20200320,00:00:00,926.1900000,980.2100000,913.6900000,924.2200000,2024698331
RI.RTSI,D,20200323,00:00:00,889.9500000,916.9200000,860.7400000,883.7800000,1599932345
RI.RTSI,D,20200324,00:00:00,929.8900000,978.2300000,929.8900000,965.3200000,1600643799
RI.RTSI,D,20200325,00:00:00,989.4900000,1027.6200000,943.0200000,981.6900000,2162227007
RI.RTSI,D,20200326,00:00:00,986.4300000,1022.0200000,959.3100000,1017.0300000,1419557490
RI.RTSI,D,20200327,00:00:00,1013.1500000,1015.8900000,945.2800000,955.3400000,1200576058
RI.RTSI,D,20200330,00:00:00,950.2000000,962.6000000,926.8000000,958.5400000,1039472867
RI.RTSI,D,20200331,00:00:00,979.2700000,1014.5100000,979.2700000,1014.4400000,1460135891
RI.RTSI,D,20200401,00:00:00,990.1500000,995.1800000,977.4800000,987.7500000,1017311875
RI.RTSI,D,20200402,00:00:00,1011.8000000,1038.2000000,983.6300000,1034.0600000,1730770534
RI.RTSI,D,20200403,00:00:00,1038.9200000,1070.4200000,1030.6400000,1049.8800000,1517328887
RI.RTSI,D,20200406,00:00:00,1069.6600000,1090.8100000,1059.3100000,1083.4300000,1177923444
RI.RTSI,D,20200407,00:00:00,1097.8200000,1122.8800000,1087.0800000,1099.7600000,1601518133
RI.RTSI,D,20200408,00:00:00,1091.5300000,1114.6000000,1083.5000000,1114.6000000,1108655944
RI.RTSI,D,20200409,00:00:00,1132.2700000,1170.2700000,1119.8200000,1155.4900000,1588733593
RI.RTSI,D,20200410,00:00:00,1132.4900000,1148.6000000,1127.8400000,1142.0700000,488667154
RI.RTSI,D,20200413,00:00:00,1142.9000000,1148.5800000,1118.8700000,1124.9700000,647203831
RI.RTSI,D,20200414,00:00:00,1133.9500000,1151.6500000,1127.1900000,1133.2300000,1127103062
RI.RTSI,D,20200415,00:00:00,1129.4900000,1129.4900000,1045.1300000,1046.8800000,1329654005
RI.RTSI,D,20200416,00:00:00,1057.1300000,1087.8000000,1036.9500000,1066.9100000,1429962025
RI.RTSI,D,20200417,00:00:00,1084.3500000,1092.5400000,1068.9300000,1078.6900000,919613902
RI.RTSI,D,20200420,00:00:00,1075.2200000,1079.7500000,1055.7100000,1068.3200000,908418603
RI.RTSI,D,20200421,00:00:00,1036.6700000,1037.8900000,991.4900000,1012.1500000,1410130944
RI.RTSI,D,20200422,00:00:00,1011.3800000,1071.8000000,1006.9600000,1066.0100000,1284128846
RI.RTSI,D,20200423,00:00:00,1079.1500000,1110.4000000,1071.3400000,1099.6700000,1102362511
RI.RTSI,D,20200424,00:00:00,1090.4600000,1103.7700000,1074.0600000,1081.3200000,844227367
RI.RTSI,D,20200427,00:00:00,1086.0600000,1099.3800000,1081.4900000,1083.6800000,718729890
RI.RTSI,D,20200428,00:00:00,1085.8600000,1125.8800000,1081.0900000,1109.6000000,1238349193
RI.RTSI,D,20200429,00:00:00,1117.7200000,1147.9700000,1113.8900000,1144.6400000,1164841379
RI.RTSI,D,20200430,00:00:00,1157.9300000,1169.8800000,1121.7800000,1125.0300000,1340254427
RI.RTSI,D,20200504,00:00:00,1111.2800000,1111.2800000,1080.6300000,1099.4200000,808882059
RI.RTSI,D,20200505,00:00:00,1117.0000000,1135.4000000,1115.9900000,1133.1600000,689063981
RI.RTSI,D,20200506,00:00:00,1135.7400000,1139.5100000,1106.0600000,1111.4300000,902066766
RI.RTSI,D,20200507,00:00:00,1112.3400000,1138.2200000,1111.7300000,1126.4800000,953793798
RI.RTSI,D,20200508,00:00:00,1125.6600000,1140.0100000,1116.2500000,1136.3400000,1166070026
RI.RTSI,D,20200512,00:00:00,1130.7100000,1143.6500000,1123.1600000,1137.2800000,953304246
RI.RTSI,D,20200513,00:00:00,1124.2900000,1132.7500000,1110.3700000,1110.3700000,881152009
RI.RTSI,D,20200514,00:00:00,1106.2500000,1113.9400000,1086.3600000,1102.9800000,1014255477
RI.RTSI,D,20200515,00:00:00,1121.4700000,1134.3400000,1107.4900000,1107.4900000,912326431
RI.RTSI,D,20200518,00:00:00,1122.7100000,1167.9500000,1122.7100000,1167.8800000,1242116405
RI.RTSI,D,20200519,00:00:00,1171.4300000,1183.7700000,1168.0400000,1177.2400000,1220492948
RI.RTSI,D,20200520,00:00:00,1176.0200000,1225.4700000,1173.7000000,1225.4700000,1420352519
RI.RTSI,D,20200521,00:00:00,1226.0900000,1243.2700000,1196.3300000,1206.2800000,1395244105
RI.RTSI,D,20200522,00:00:00,1194.8600000,1198.2600000,1174.8600000,1188.4700000,883835669
RI.RTSI,D,20200525,00:00:00,1195.9600000,1213.4100000,1195.9600000,1213.4100000,520772490
RI.RTSI,D,20200526,00:00:00,1220.5900000,1243.9600000,1220.4500000,1224.9900000,1138452548
RI.RTSI,D,20200527,00:00:00,1222.9100000,1234.7100000,1197.7800000,1212.2000000,1392080491
RI.RTSI,D,20200528,00:00:00,1219.2200000,1241.7700000,1211.8500000,1241.7700000,1174610783
RI.RTSI,D,20200529,00:00:00,1236.3600000,1236.3600000,1210.0700000,1219.7600000,2126786452
RI.RTSI,D,20200601,00:00:00,1240.0800000,1253.9100000,1233.7300000,1247.6100000,1082908597
RI.RTSI,D,20200602,00:00:00,1258.1000000,1283.8500000,1255.7500000,1277.8500000,1375046591
RI.RTSI,D,20200603,00:00:00,1290.2700000,1301.8800000,1277.1500000,1301.8800000,1776232195
RI.RTSI,D,20200604,00:00:00,1295.2300000,1296.3400000,1252.1400000,1257.3100000,1884775710
RI.RTSI,D,20200605,00:00:00,1266.4200000,1291.0000000,1265.2600000,1285.7800000,1436587653
RI.RTSI,D,20200608,00:00:00,1287.3200000,1306.2700000,1278.7500000,1288.7100000,1417494888
RI.RTSI,D,20200609,00:00:00,1295.4200000,1299.5900000,1263.7500000,1284.3100000,1147384778
RI.RTSI,D,20200610,00:00:00,1284.2700000,1288.0700000,1266.0200000,1277.5800000,1302556660
RI.RTSI,D,20200611,00:00:00,1267.9900000,1267.9900000,1237.0200000,1238.1100000,1315051825
RI.RTSI,D,20200615,00:00:00,1212.9700000,1223.0900000,1196.4700000,1221.6000000,1233595249
RI.RTSI,D,20200616,00:00:00,1243.0200000,1264.1200000,1236.1200000,1242.7200000,1165889967
RI.RTSI,D,20200617,00:00:00,1247.4300000,1257.9100000,1233.8900000,1237.9300000,1000612761
RI.RTSI,D,20200618,00:00:00,1235.2700000,1242.9500000,1221.2000000,1230.7100000,1112867206
RI.RTSI,D,20200619,00:00:00,1235.2300000,1259.8600000,1235.2300000,1249.6700000,903708785
RI.RTSI,D,20200622,00:00:00,1249.4700000,1258.5000000,1235.1600000,1256.7700000,866076637
RI.RTSI,D,20200623,00:00:00,1264.3400000,1282.9500000,1263.7700000,1281.1800000,840325472
RI.RTSI,D,20200625,00:00:00,1255.8900000,1262.3300000,1242.3200000,1257.1800000,1123271129
RI.RTSI,D,20200626,00:00:00,1268.4300000,1270.3600000,1236.9100000,1246.7400000,816943517
RI.RTSI,D,20200629,00:00:00,1240.1000000,1249.4500000,1230.1100000,1239.8100000,800323975
RI.RTSI,D,20200630,00:00:00,1248.3000000,1250.3200000,1212.6300000,1212.6300000,795822259
RI.RTSI,D,20200702,00:00:00,1222.3500000,1250.5700000,1220.8400000,1248.2800000,886972344
RI.RTSI,D,20200703,00:00:00,1244.9700000,1252.6400000,1229.4400000,1235.1800000,558589397
RI.RTSI,D,20200706,00:00:00,1246.7000000,1266.2800000,1241.7100000,1247.1400000,1029049011
RI.RTSI,D,20200707,00:00:00,1240.8900000,1251.8100000,1229.9800000,1247.8300000,869123260
RI.RTSI,D,20200708,00:00:00,1239.2300000,1250.4400000,1238.7100000,1245.5400000,797132578
RI.RTSI,D,20200709,00:00:00,1242.5700000,1252.2500000,1230.0700000,1234.4200000,908489363
RI.RTSI,D,20200710,00:00:00,1229.3600000,1245.6500000,1221.9600000,1245.6500000,703000392
RI.RTSI,D,20200713,00:00:00,1250.3700000,1257.7300000,1232.9900000,1234.5000000,836548029
RI.RTSI,D,20200714,00:00:00,1221.2400000,1221.2400000,1197.2000000,1216.7900000,1107089496
RI.RTSI,D,20200715,00:00:00,1214.3800000,1228.4100000,1210.1400000,1219.2600000,898835942
RI.RTSI,D,20200716,00:00:00,1216.6700000,1222.1600000,1208.2900000,1219.9300000,605369081
RI.RTSI,D,20200717,00:00:00,1214.2100000,1218.3200000,1209.2400000,1216.1700000,545301503
RI.RTSI,D,20200720,00:00:00,1214.3900000,1235.8500000,1205.7900000,1235.8500000,712804176
RI.RTSI,D,20200721,00:00:00,1243.5800000,1266.4800000,1243.1700000,1259.7200000,1155803939
RI.RTSI,D,20200722,00:00:00,1257.7300000,1266.1600000,1250.3100000,1255.1000000,780521551
RI.RTSI,D,20200723,00:00:00,1264.1200000,1274.5600000,1254.0600000,1261.6200000,777785374
RI.RTSI,D,20200724,00:00:00,1245.3900000,1258.3600000,1243.5400000,1255.9800000,828179016
RI.RTSI,D,20200727,00:00:00,1261.1100000,1276.4900000,1260.5900000,1266.1600000,909381264
RI.RTSI,D,20200728,00:00:00,1276.0900000,1277.8200000,1249.7200000,1257.6900000,837244455
RI.RTSI,D,20200729,00:00:00,1255.8200000,1270.4200000,1254.1500000,1266.0100000,898981876
RI.RTSI,D,20200730,00:00:00,1265.3500000,1266.8100000,1226.8600000,1232.3500000,800650914
RI.RTSI,D,20200731,00:00:00,1249.9100000,1251.5700000,1232.9900000,1234.4400000,833161360
RI.RTSI,D,20200803,00:00:00,1235.4000000,1260.4700000,1234.9700000,1257.4200000,831889183
RI.RTSI,D,20200804,00:00:00,1264.1200000,1269.8100000,1246.8200000,1260.1600000,726175353
RI.RTSI,D,20200805,00:00:00,1265.9700000,1297.9700000,1265.1400000,1295.2700000,1218807885
RI.RTSI,D,20200806,00:00:00,1295.6100000,1299.7600000,1278.2200000,1282.4400000,794194602
RI.RTSI,D,20200807,00:00:00,1285.6900000,1286.3600000,1266.8500000,1271.4300000,763914488
RI.RTSI,D,20200810,00:00:00,1271.9700000,1280.4100000,1267.9600000,1267.9600000,652795408
RI.RTSI,D,20200811,00:00:00,1272.2200000,1301.1900000,1272.2200000,1296.0100000,1283020938
RI.RTSI,D,20200812,00:00:00,1287.8800000,1307.1200000,1283.6000000,1307.1200000,1212991980
RI.RTSI,D,20200813,00:00:00,1305.8100000,1326.1300000,1304.5900000,1326.1300000,1254024045
RI.RTSI,D,20200814,00:00:00,1327.3800000,1328.1400000,1306.0000000,1323.8000000,826430254
RI.RTSI,D,20200817,00:00:00,1328.0300000,1336.5800000,1301.0300000,1308.7100000,1123162500
RI.RTSI,D,20200818,00:00:00,1306.5600000,1322.9900000,1303.3000000,1311.5200000,799195768
RI.RTSI,D,20200819,00:00:00,1312.4800000,1322.4800000,1308.0900000,1316.3200000,756287047
RI.RTSI,D,20200820,00:00:00,1306.0600000,1307.5000000,1272.8100000,1272.8100000,1216047749
RI.RTSI,D,20200821,00:00:00,1286.6000000,1291.2300000,1252.9100000,1262.0100000,1154934393
RI.RTSI,D,20200824,00:00:00,1265.9300000,1288.1500000,1265.9300000,1281.5200000,753203648
RI.RTSI,D,20200825,00:00:00,1284.1200000,1289.3300000,1265.8500000,1267.1600000,769872791
RI.RTSI,D,20200826,00:00:00,1271.7700000,1273.2400000,1256.7200000,1273.2400000,983190057
RI.RTSI,D,20200827,00:00:00,1274.8000000,1279.2000000,1258.6900000,1264.8600000,881568654
RI.RTSI,D,20200828,00:00:00,1267.3800000,1271.3200000,1254.8300000,1265.6200000,810742087
RI.RTSI,D,20200831,00:00:00,1274.0500000,1286.0700000,1255.3400000,1258.6000000,2478394167
RI.RTSI,D,20200901,00:00:00,1265.7000000,1282.2400000,1264.8500000,1274.5000000,1113647063
RI.RTSI,D,20200902,00:00:00,1282.5500000,1283.6900000,1229.5000000,1234.8200000,1259376345
RI.RTSI,D,20200903,00:00:00,1234.4200000,1241.2800000,1216.9300000,1223.2100000,1099084362
RI.RTSI,D,20200904,00:00:00,1222.2100000,1236.6500000,1214.7200000,1220.0100000,927887041
RI.RTSI,D,20200907,00:00:00,1223.7500000,1230.0200000,1210.2100000,1218.5200000,705515302
RI.RTSI,D,20200908,00:00:00,1221.3500000,1225.1600000,1183.7800000,1189.4700000,1076140957
RI.RTSI,D,20200909,00:00:00,1189.6900000,1206.0400000,1187.9800000,1201.3400000,854485866
RI.RTSI,D,20200910,00:00:00,1207.9800000,1220.2700000,1191.8900000,1216.5900000,876831635
RI.RTSI,D,20200911,00:00:00,1210.1200000,1225.5900000,1207.2700000,1223.0500000,751433008
RI.RTSI,D,20200914,00:00:00,1224.1400000,1239.4200000,1218.4100000,1228.4800000,827899842
RI.RTSI,D,20200915,00:00:00,1229.1600000,1253.6800000,1227.9400000,1253.6800000,998035340
RI.RTSI,D,20200916,00:00:00,1252.3800000,1257.9200000,1243.6000000,1251.8600000,978904607
RI.RTSI,D,20200917,00:00:00,1238.0600000,1246.0200000,1232.8500000,1243.2900000,1139141478
RI.RTSI,D,20200918,00:00:00,1246.6700000,1250.1300000,1226.5200000,1228.6400000,1160560255
RI.RTSI,D,20200921,00:00:00,1225.3200000,1225.9900000,1176.6300000,1181.2400000,1111885847
RI.RTSI,D,20200922,00:00:00,1189.3700000,1209.0300000,1182.0400000,1193.0600000,954393234
RI.RTSI,D,20200923,00:00:00,1214.2900000,1225.0600000,1195.7700000,1195.7700000,1874980092
RI.RTSI,D,20200924,00:00:00,1187.6600000,1192.6700000,1172.9400000,1188.9800000,1138578470
RI.RTSI,D,20200925,00:00:00,1189.4000000,1193.5800000,1160.2800000,1164.6800000,945508478
RI.RTSI,D,20200928,00:00:00,1171.8700000,1178.6500000,1163.0800000,1166.8600000,882874460
RI.RTSI,D,20200929,00:00:00,1169.8400000,1172.7600000,1138.9500000,1155.6700000,1010506328
RI.RTSI,D,20200930,00:00:00,1158.7500000,1182.9600000,1152.9400000,1178.5100000,860108318
RI.RTSI,D,20201001,00:00:00,1181.5500000,1191.1900000,1170.7200000,1174.4900000,955151900
RI.RTSI,D,20201002,00:00:00,1156.1000000,1156.9800000,1134.0100000,1148.0700000,987679648
RI.RTSI,D,20201005,00:00:00,1152.5600000,1160.5400000,1144.0400000,1157.8600000,809952177
RI.RTSI,D,20201006,00:00:00,1163.7500000,1176.5800000,1157.4100000,1168.5600000,936298147
RI.RTSI,D,20201007,00:00:00,1157.9300000,1164.6900000,1140.5300000,1143.9500000,858915967
RI.RTSI,D,20201008,00:00:00,1152.2700000,1158.8200000,1148.0000000,1158.8200000,721182283
RI.RTSI,D,20201009,00:00:00,1157.3800000,1165.6900000,1147.9500000,1164.3400000,881133527
RI.RTSI,D,20201012,00:00:00,1163.0900000,1169.9300000,1155.8500000,1162.9100000,761594375
RI.RTSI,D,20201013,00:00:00,1162.1800000,1169.8000000,1151.1800000,1156.1100000,737147462
RI.RTSI,D,20201014,00:00:00,1157.0200000,1164.6700000,1151.5100000,1160.3000000,699829521
RI.RTSI,D,20201015,00:00:00,1156.1800000,1156.4400000,1128.0600000,1132.2900000,833294217
RI.RTSI,D,20201016,00:00:00,1137.2500000,1138.8700000,1121.2900000,1132.8000000,885786626
RI.RTSI,D,20201019,00:00:00,1133.3100000,1137.0700000,1128.8000000,1135.1200000,629404337
RI.RTSI,D,20201020,00:00:00,1130.2600000,1143.8200000,1123.0800000,1140.6900000,906844481
RI.RTSI,D,20201021,00:00:00,1145.2100000,1151.9400000,1136.7600000,1143.4200000,859322585
RI.RTSI,D,20201022,00:00:00,1143.1700000,1155.3900000,1137.1400000,1155.2400000,800546691
RI.RTSI,D,20201023,00:00:00,1153.6500000,1166.5100000,1149.1300000,1164.0600000,735427188
RI.RTSI,D,20201026,00:00:00,1164.8600000,1165.5800000,1151.4500000,1152.3300000,690987647
RI.RTSI,D,20201027,00:00:00,1146.5600000,1151.6600000,1126.6000000,1131.3600000,798592440
RI.RTSI,D,20201028,00:00:00,1124.2300000,1124.2300000,1070.6800000,1078.2900000,1162434077
RI.RTSI,D,20201029,00:00:00,1075.4000000,1091.3700000,1062.7000000,1078.9600000,939054797
RI.RTSI,D,20201030,00:00:00,1078.0200000,1078.3700000,1056.0200000,1066.6000000,861199823
RI.RTSI,D,20201102,00:00:00,1062.3000000,1075.1200000,1039.5100000,1069.3300000,874546409
RI.RTSI,D,20201103,00:00:00,1079.4900000,1109.7100000,1079.3600000,1108.1500000,953986121
RI.RTSI,D,20201105,00:00:00,1121.2400000,1172.1400000,1121.2400000,1170.7400000,1364650265
RI.RTSI,D,20201106,00:00:00,1163.8500000,1178.2800000,1151.8600000,1178.2800000,992904903
RI.RTSI,D,20201109,00:00:00,1191.5000000,1242.2400000,1188.4200000,1236.3000000,2175087327
RI.RTSI,D,20201110,00:00:00,1224.4500000,1240.7900000,1212.6100000,1232.8700000,1958126972
RI.RTSI,D,20201111,00:00:00,1236.1400000,1254.1600000,1231.4700000,1233.8100000,2037761595
RI.RTSI,D,20201112,00:00:00,1224.6400000,1239.7800000,1219.1500000,1238.4500000,1453090570
RI.RTSI,D,20201113,00:00:00,1224.7200000,1233.8400000,1218.5200000,1227.7800000,1199389918
RI.RTSI,D,20201116,00:00:00,1243.1000000,1268.6100000,1243.1000000,1268.6100000,1477976810
RI.RTSI,D,20201117,00:00:00,1274.2600000,1276.3700000,1246.7100000,1258.4600000,1277739927
RI.RTSI,D,20201118,00:00:00,1258.7700000,1282.0700000,1253.2300000,1276.7500000,1140335320
RI.RTSI,D,20201119,00:00:00,1270.4500000,1270.4500000,1251.5300000,1258.9100000,1057793799
RI.RTSI,D,20201120,00:00:00,1263.6500000,1269.0200000,1256.2100000,1262.6900000,744973361
RI.RTSI,D,20201123,00:00:00,1268.0400000,1287.3600000,1255.8000000,1256.8100000,1160405126
RI.RTSI,D,20201124,00:00:00,1270.3400000,1288.7100000,1265.8800000,1287.1200000,1275308025
RI.RTSI,D,20201125,00:00:00,1298.8600000,1309.5400000,1287.3600000,1301.8300000,1720667142
RI.RTSI,D,20201126,00:00:00,1310.0400000,1316.5700000,1298.6000000,1307.1400000,1140970011
RI.RTSI,D,20201127,00:00:00,1303.4700000,1306.0100000,1291.1700000,1302.4300000,1201919361
RI.RTSI,D,20201130,00:00:00,1300.1400000,1300.1400000,1281.0000000,1281.9700000,2241564095
RI.RTSI,D,20201201,00:00:00,1283.5600000,1312.6900000,1283.5600000,1311.0500000,1431210850
RI.RTSI,D,20201202,00:00:00,1309.4000000,1335.4400000,1305.8700000,1335.4400000,1261695134
RI.RTSI,D,20201203,00:00:00,1336.8400000,1339.4100000,1321.4200000,1339.4100000,1279625162
RI.RTSI,D,20201204,00:00:00,1342.0600000,1358.6300000,1342.0600000,1357.3900000,1278466657
RI.RTSI,D,20201207,00:00:00,1352.2200000,1368.8600000,1341.4000000,1368.8600000,1194328160
RI.RTSI,D,20201208,00:00:00,1362.3200000,1375.7500000,1354.7500000,1364.6600000,1272506718
RI.RTSI,D,20201209,00:00:00,1364.4600000,1382.7500000,1364.4600000,1372.4700000,1304359265
RI.RTSI,D,20201210,00:00:00,1362.0700000,1404.6800000,1360.0600000,1404.6800000,1410306749
RI.RTSI,D,20201211,00:00:00,1404.7800000,1413.5600000,1395.7700000,1412.8800000,1433229883
RI.RTSI,D,20201214,00:00:00,1422.5600000,1432.7300000,1397.6100000,1398.1200000,1699930610
RI.RTSI,D,20201215,00:00:00,1387.1500000,1409.2600000,1382.9500000,1390.4600000,1259769478
RI.RTSI,D,20201216,00:00:00,1399.4200000,1407.8600000,1388.1500000,1400.0500000,1283328324
RI.RTSI,D,20201217,00:00:00,1409.6400000,1434.6400000,1409.3500000,1419.2200000,1898374991
RI.RTSI,D,20201218,00:00:00,1418.8700000,1419.4100000,1386.3400000,1402.5000000,1713114494
RI.RTSI,D,20201221,00:00:00,1394.5200000,1394.5200000,1326.6500000,1335.9300000,1807638073
RI.RTSI,D,20201222,00:00:00,1339.2400000,1359.9100000,1327.8900000,1351.4300000,1310550618
RI.RTSI,D,20201223,00:00:00,1338.2000000,1367.2700000,1335.7600000,1366.7600000,873545985
RI.RTSI,D,20201224,00:00:00,1365.3100000,1378.3300000,1358.2200000,1378.3300000,686195612
RI.RTSI,D,20201225,00:00:00,1379.8400000,1384.0600000,1376.6200000,1378.3600000,316276113
RI.RTSI,D,20201228,00:00:00,1379.6400000,1396.9700000,1379.6400000,1391.3100000,706613330
RI.RTSI,D,20201229,00:00:00,1396.5200000,1405.8900000,1395.0800000,1398.4800000,841481052
RI.RTSI,D,20201230,00:00:00,1393.9600000,1403.8800000,1382.8800000,1387.4600000,856433844
RI.RTSI,D,20210104,00:00:00,1399.6400000,1439.6100000,1398.8200000,1424.8400000,902773552
RI.RTSI,D,20210105,00:00:00,1410.8900000,1428.7000000,1386.5600000,1426.1100000,965867943
RI.RTSI,D,20210106,00:00:00,1435.5100000,1446.2100000,1424.8700000,1436.7100000,929673010
RI.RTSI,D,20210108,00:00:00,1444.7600000,1481.8400000,1444.7600000,1466.5000000,1780068459
RI.RTSI,D,20210111,00:00:00,1465.4400000,1488.5600000,1450.5500000,1466.5600000,1915551868
RI.RTSI,D,20210112,00:00:00,1475.1900000,1496.0400000,1467.9600000,1484.9600000,1415058092
RI.RTSI,D,20210113,00:00:00,1494.1800000,1503.2100000,1473.2900000,1486.7700000,1354795437
RI.RTSI,D,20210114,00:00:00,1478.4100000,1505.5600000,1466.2500000,1500.5800000,1481079865
RI.RTSI,D,20210115,00:00:00,1499.8700000,1507.0600000,1470.9200000,1474.2800000,1423632931
RI.RTSI,D,20210118,00:00:00,1472.0000000,1477.6800000,1456.7300000,1474.8600000,1241568421
RI.RTSI,D,20210119,00:00:00,1484.0500000,1492.7200000,1466.6600000,1470.6300000,1171611349
RI.RTSI,D,20210120,00:00:00,1476.7500000,1494.9700000,1475.6500000,1486.9000000,1031368068
RI.RTSI,D,20210121,00:00:00,1491.7900000,1500.0300000,1452.8000000,1463.8400000,1560267136
RI.RTSI,D,20210122,00:00:00,1447.9600000,1448.3500000,1413.1200000,1418.2900000,1432390682
RI.RTSI,D,20210125,00:00:00,1422.3000000,1444.4400000,1409.4700000,1412.0200000,1407142684
RI.RTSI,D,20210126,00:00:00,1414.6200000,1425.8100000,1403.3400000,1422.9500000,1069219805
RI.RTSI,D,20210127,00:00:00,1425.5900000,1431.2100000,1382.2100000,1393.0200000,1396092644
RI.RTSI,D,20210128,00:00:00,1376.4300000,1391.0200000,1365.1300000,1384.6400000,1207788997
RI.RTSI,D,20210129,00:00:00,1383.1600000,1383.1600000,1361.7300000,1367.6400000,1495178724
RI.RTSI,D,20210201,00:00:00,1364.4200000,1378.9700000,1362.6400000,1363.9600000,1131506379
RI.RTSI,D,20210202,00:00:00,1378.4700000,1406.6200000,1377.3500000,1398.9900000,1301017292
RI.RTSI,D,20210203,00:00:00,1385.3200000,1398.9400000,1377.2400000,1387.0000000,1048888532
RI.RTSI,D,20210204,00:00:00,1393.7100000,1413.3100000,1389.9700000,1402.7100000,1164104841
RI.RTSI,D,20210205,00:00:00,1417.2600000,1431.7600000,1417.2600000,1431.7600000,1160829984
RI.RTSI,D,20210208,00:00:00,1440.2200000,1462.8000000,1440.2200000,1462.2200000,1073109915
RI.RTSI,D,20210209,00:00:00,1467.4100000,1474.7900000,1456.2600000,1457.8700000,1358345310
RI.RTSI,D,20210210,00:00:00,1465.7900000,1471.8900000,1447.8800000,1448.3100000,1203100737
RI.RTSI,D,20210211,00:00:00,1450.8300000,1462.0100000,1447.9700000,1461.3300000,768528933
RI.RTSI,D,20210212,00:00:00,1456.2700000,1461.9900000,1420.3600000,1461.9900000,1112073148
RI.RTSI,D,20210215,00:00:00,1479.5300000,1498.1000000,1479.5300000,1496.4000000,1074893820
RI.RTSI,D,20210216,00:00:00,1504.6300000,1508.9500000,1483.1000000,1494.5800000,1202978647
RI.RTSI,D,20210217,00:00:00,1493.4800000,1499.1400000,1457.3900000,1462.3500000,1428941638
RI.RTSI,D,20210218,00:00:00,1475.0000000,1478.9900000,1443.6900000,1446.7000000,1215254247
RI.RTSI,D,20210219,00:00:00,1448.6000000,1474.2000000,1440.4000000,1472.3300000,1231258356
RI.RTSI,D,20210220,00:00:00,1468.3500000,1469.6200000,1462.7500000,1465.8200000,334794757
RI.RTSI,D,20210222,00:00:00,1466.6600000,1470.3500000,1434.8400000,1455.3300000,1121875474
RI.RTSI,D,20210224,00:00:00,1449.1700000,1468.2800000,1445.1000000,1445.9100000,1493341249
RI.RTSI,D,20210225,00:00:00,1461.8500000,1471.0600000,1443.2100000,1450.3900000,1724022467
RI.RTSI,D,20210226,00:00:00,1414.0500000,1435.6600000,1401.7800000,1411.9300000,1491789106
RI.RTSI,D,20210301,00:00:00,1422.5700000,1445.1700000,1419.5700000,1441.6000000,971085250
RI.RTSI,D,20210302,00:00:00,1428.0800000,1458.5000000,1424.9800000,1451.9700000,1117274987
RI.RTSI,D,20210303,00:00:00,1465.9500000,1477.9800000,1450.6500000,1454.8100000,1196727283
RI.RTSI,D,20210304,00:00:00,1451.6500000,1462.8300000,1435.1700000,1455.8900000,1353375988
RI.RTSI,D,20210305,00:00:00,1432.8700000,1458.0500000,1423.8900000,1448.1500000,1775922923
RI.RTSI,D,20210309,00:00:00,1450.7100000,1489.6800000,1448.6400000,1486.1300000,1793438843
RI.RTSI,D,20210310,00:00:00,1479.4100000,1498.3200000,1472.7300000,1475.7500000,1340931132
RI.RTSI,D,20210311,00:00:00,1489.1100000,1504.7800000,1483.5800000,1503.8000000,1081753430
RI.RTSI,D,20210312,00:00:00,1504.8400000,1519.6900000,1500.5000000,1515.7800000,1022822989
RI.RTSI,D,20210315,00:00:00,1529.8200000,1550.4900000,1528.2900000,1542.3900000,1446788923
RI.RTSI,D,20210316,00:00:00,1555.6900000,1555.7400000,1531.4900000,1551.9200000,1656832392
RI.RTSI,D,20210317,00:00:00,1543.0600000,1547.8100000,1490.7100000,1492.5900000,1670920930
RI.RTSI,D,20210318,00:00:00,1513.3900000,1522.4200000,1496.5600000,1499.5600000,626016421
